Date,Open,High,Low,Close,Vol
2012/05/09,7425,7516,7425,7479,105113
2012/05/10,7458,7464,7356,7366,116762
2012/05/14,7305,7406,7290,7384,113623
2012/05/15,7356,7386,0,0,79053
2012/05/17,7164,7230,7128,7135,137508
2012/05/21,7250,7260,7202,7236,84457
2012/05/22,7151,7170,7090,7135,104162
2012/05/23,7156,7178,7082,7129,110432
2012/05/24,7155,7159,7048,7058,112160
2012/05/28,7124,7336,7105,7294,133522
2012/05/29,7270,7273,7196,7234,106158
2012/05/30,7142,7255,7085,7217,133197
2012/05/31,7200,7210,7075,7096,148958
2012/06/04,6949,7005,6925,6970,119982
2012/06/05,6989,7055,6958,7015,119994
2012/06/06,7135,7146,7020,7047,109350
2012/06/07,7007,7040,6946,6955,113544
2012/06/11,6976,7038,6962,7019,91231
2012/06/13,7049,7070,7002,7048,92489
2012/06/14,7042,7107,7033,7063,92161
2012/06/15,7050,7160,7042,7154,105833
2012/06/18,7300,7323,7244,7265,92004
2012/06/19,7266,7270,7234,7265,80407
2012/06/20,7293,7320,7281,7311,50941
2012/06/21,7160,7163,7093,7117,87665
2012/06/22,7002,7047,6995,7034,86796
2012/06/25,6952,6978,6938,6948,79925
2012/06/26,6944,6960,6923,6939,61535
2012/06/27,6918,7005,6898,6986,89541
2012/06/28,7021,7037,6962,7001,93508
2012/06/29,6982,7128,6981,7114,125080
2012/07/02,7133,7152,7107,7136,61181
2012/07/03,7177,7280,7161,7228,100095
2012/07/04,7268,7327,7251,7290,83106
2012/07/05,7303,7321,7277,7297,61592
2012/07/06,7288,7319,7237,7272,88904
2012/07/09,7204,7272,7202,7236,78681
2012/07/10,7251,7270,7162,7181,111304
2012/07/11,7138,7204,7133,7186,84861
2012/07/12,7186,7188,7067,7079,120546
2012/07/13,7070,7108,7045,7071,96058
2012/07/16,7089,7110,7020,7057,98746
2012/07/17,7048,7136,7030,7107,123931
2012/07/18,7110,7117,7056,7059,52519
2012/07/19,6974,7032,6945,7022,105346
2012/07/20,7022,7039,6996,7013,72895
2012/07/23,6915,6932,6845,6873,89331
2012/07/24,6862,6889,6850,6874,70435
2012/07/25,6782,6912,6775,6846,109485
2012/07/26,6856,6905,6832,6875,89439
2012/07/27,6969,7031,6946,7028,101947
2012/07/30,7082,7102,7055,7078,73940
2012/07/31,7102,7179,7061,7157,111301
2012/08/01,7139,7212,7135,7194,91583
2012/08/03,7140,7164,7116,7140,77401
2012/08/06,7278,7314,7236,7237,87031
2012/08/07,7233,7263,7223,7236,62956
2012/08/08,7306,7336,7277,7300,103055
2012/08/09,7371,7452,7346,7438,125910
2012/08/10,7453,7465,7425,7444,68582
2012/08/13,7444,7475,7430,7453,67806
2012/08/14,7484,7545,7451,7495,113777
2012/08/15,7489,7497,7433,7468,43962
2012/08/16,7460,7520,7441,7493,91628
2012/08/17,7503,7511,7467,7474,66804
2012/08/20,7464,7475,7398,7441,85890
2012/08/21,7465,7553,7458,7515,104595
2012/08/22,7494,7508,7453,7490,73832
2012/08/23,7476,7534,7468,7513,92576
2012/08/24,7450,7490,7442,7487,63615
2012/08/27,7535,7551,7452,7454,85683
2012/08/28,7435,7443,7375,7399,90608
2012/08/29,7404,7413,7381,7403,48276
2012/08/30,7360,7395,7341,7367,84738
2012/08/31,7375,7420,7363,7382,75810
2012/09/03,7370,7465,7352,7442,95691
2012/09/04,7443,7470,7430,7448,49798
2012/09/05,7401,7411,7341,7344,89655
2012/09/06,7332,7368,7286,7332,88818
2012/09/07,7471,7479,7404,7419,86302
2012/09/10,7421,7469,7414,7456,67675
2012/09/11,7437,7490,7436,7465,59702
2012/09/12,7525,7586,7510,7583,92821
2012/09/13,7592,7609,7571,7576,65782
2012/09/14,7698,7758,7671,7738,103221
2012/09/17,7739,7767,7726,7750,70895
2012/09/18,7742,7768,7713,7749,76925
2012/09/19,7757,7795,7739,7767,46387
2012/09/20,7782,7786,7716,7749,81485
2012/09/21,7765,7783,7748,7761,61018
2012/09/24,7747,7805,7685,7775,98891
2012/09/25,7792,7810,7744,7756,68390
2012/09/26,7691,7725,7670,7700,74746
2012/09/27,7683,7730,7679,7728,67769
2012/09/28,7726,7748,7666,7719,88739
2012/10/01,7690,7706,7666,7684,50167
2012/10/02,7716,7748,7693,7729,67005
2012/10/03,7740,7742,7687,7704,58958
2012/10/04,7707,7715,7633,7706,103623
2012/10/05,7711,7733,7680,7701,74558
2012/10/08,7677,7692,7612,7625,84411
2012/10/09,7629,7647,7596,7596,86468
2012/10/11,7483,7506,7442,7444,95582
2012/10/12,7434,7463,7385,7413,92390
2012/10/15,7396,7434,7385,7425,74135
2012/10/16,7460,7462,7435,7458,62568
2012/10/17,7510,7525,7451,7460,50723
2012/10/18,7467,7479,7444,7453,57034
2012/10/19,7468,7469,7385,7387,78020
2012/10/22,7300,7360,7289,7347,71985
2012/10/23,7342,7350,7293,7299,65177
2012/10/24,7230,7347,7225,7303,100109
2012/10/25,7303,7319,7251,7254,75504
2012/10/26,7226,7287,7090,7092,124395
2012/10/29,7110,7153,7091,7121,86593
2012/10/30,7170,7220,7141,7162,104953
2012/10/31,7192,7212,7125,7141,89170
2012/11/01,7098,7192,7029,7172,140249
2012/11/02,7214,7225,7182,7201,74949
2012/11/05,7190,7222,7146,7181,85380
2012/11/06,7180,7259,7163,7256,78730
2012/11/07,7205,7293,7192,7256,138988
2012/11/08,7168,7220,7160,7201,87322
2012/11/09,7136,7301,7126,7286,125251
2012/11/12,7265,7304,7238,7243,73703
2012/11/13,7227,7239,7092,7094,116093
2012/11/14,7081,7150,7077,7128,85707
2012/11/15,7095,7156,7036,7121,110846
2012/11/16,7116,7179,7082,7107,106108
2012/11/19,7147,7168,7120,7121,85220
2012/11/20,7174,7181,7131,7159,73796
2012/11/21,7176,7178,7051,7084,63354
2012/11/22,7096,7115,7081,7089,64895
2012/11/23,7123,7327,7120,7319,120286
2012/11/26,7362,7409,7357,7388,66389
2012/11/27,7410,7435,7380,7421,76309
2012/11/28,7407,7439,7390,7429,62717
2012/11/29,7470,7539,7465,7525,98874
2012/11/30,7535,7605,7524,7594,97251
2012/12/03,7596,7647,7560,7599,94211
2012/12/04,7560,7603,7548,7593,76536
2012/12/05,7593,7678,7576,7651,96482
2012/12/06,7654,7673,7623,7639,68952
2012/12/07,7658,7691,7642,7659,73118
2012/12/10,7680,7686,7600,7623,76659
2012/12/11,7639,7645,7579,7638,78461
2012/12/12,7657,7725,7652,7695,89122
2012/12/13,7718,7778,7708,7773,82175
2012/12/14,7738,7747,7701,7704,84818
2012/12/17,7690,7707,7615,7649,100268
2012/12/18,7660,7665,7621,7653,70612
2012/12/19,7698,7709,7655,7659,46969
2012/12/20,7631,7633,7556,7559,79058
2012/12/21,7565,7578,7472,7492,107770
2012/12/24,7500,7564,7491,7521,51155
2012/12/25,7555,7688,7538,7671,85986
2012/12/26,7651,7685,7623,7632,65775
2012/12/27,7602,7666,7584,7628,80035
2012/12/28,7650,7708,7647,7677,69670
2013/01/02,7720,7804,7702,7773,89092
2013/01/03,7811,7836,7803,7824,63225
2013/01/04,7800,7809,7751,7775,71943
2013/01/07,7743,7774,7700,7741,81337
2013/01/08,7732,7747,7673,7709,90290
2013/01/09,7686,7774,7682,7738,88574
2013/01/10,7762,7846,7759,7833,122619
2013/01/11,7863,7867,7796,7802,90984
2013/01/14,7730,7828,7705,7823,111839
2013/01/15,7800,7812,7728,7743,99174
2013/01/16,7750,7769,7698,7717,58511
2013/01/17,7702,7767,7582,7614,146042
2013/01/18,7692,7723,7666,7712,86279
2013/01/21,7683,7736,7645,7704,94447
2013/01/22,7722,7765,7672,7748,106112
2013/01/23,7777,7788,7714,7722,77820
2013/01/24,7688,7728,7625,7683,121098
2013/01/25,7662,7688,7612,7650,98883
2013/01/28,7620,7731,7620,7727,92771
2013/01/29,7759,7822,7736,7812,99284
2013/01/30,7846,7859,7791,7796,100596
2013/01/31,7815,7850,7778,7846,84766
2013/02/01,7859,7901,7825,7859,87506
2013/02/04,7878,7952,7872,7939,87092
2013/02/05,7885,7913,7868,7901,74233
2013/02/06,7916,7952,7891,7901,72671
2013/02/18,7967,7978,7913,7936,77582
2013/02/19,7950,7970,7941,7958,60019
2013/02/20,8008,8027,7983,8023,52976
2013/02/21,7987,7998,7948,7949,63895
2013/02/22,7939,7976,7903,7951,85371
2013/02/25,7985,7992,7935,7941,72527
2013/02/26,7893,7920,7862,7883,82377
2013/02/27,7907,7909,7862,7879,53936
2013/03/01,7945,7950,7920,7936,44461
2013/03/04,7935,7937,7827,7844,94448
2013/03/05,7867,7931,7862,7911,74896
2013/03/06,7980,7998,7935,7945,83576
2013/03/07,7933,7982,7921,7939,72539
2013/03/08,7968,8032,7965,8008,81964
2013/03/11,8010,8068,7993,8042,79351
2013/03/12,8040,8058,7983,7998,75116
2013/03/13,8000,8035,7951,7989,106264
2013/03/14,7997,7997,7941,7950,80451
2013/03/15,7969,7986,7906,7909,108975
2013/03/18,7857,7868,7790,7792,102089
2013/03/19,7838,7852,7816,7831,76505
2013/03/20,7780,7842,7775,7796,52532
2013/03/21,7803,7816,7781,7796,68584
2013/03/22,7780,7814,7764,7774,63792
2013/03/25,7842,7865,7826,7850,60627
2013/03/26,7845,7848,7822,7835,52993
2013/03/27,7841,7876,7827,7862,74979
2013/03/28,7859,7875,7820,7843,64977
2013/03/29,7884,7935,7871,7923,73177
2013/04/01,7938,7942,7907,7918,45554
2013/04/02,7907,7927,7875,7903,80431
2013/04/03,7944,7953,7910,7936,67602
2013/04/08,7859,7870,7733,7737,128621
2013/04/09,7717,7750,7697,7708,84475
2013/04/10,7737,7745,7713,7726,59229
2013/04/11,7776,7825,7759,7816,84730
2013/04/12,7822,7832,7783,7784,64379
2013/04/15,7763,7816,7729,7761,109119
2013/04/16,7710,7786,7693,7775,118952
2013/04/17,7783,7809,7772,7809,57751
2013/04/18,7715,7775,7700,7750,104794
2013/04/19,7784,7945,7782,7942,139916
2013/04/22,7952,7976,7938,7955,64238
2013/04/23,7942,7951,7896,7926,79418
2013/04/24,7967,8015,7949,7992,110367
2013/04/25,7976,8009,7970,8005,71490
2013/04/26,8010,8066,7996,7997,94160
2013/04/29,8010,8042,8001,8021,62673
2013/04/30,8067,8122,8062,8098,79288
2013/05/02,8083,8127,8083,8119,63345
2013/05/03,8139,8174,8119,8140,82194
2013/05/06,8200,8209,8154,8168,67723
2013/05/07,8180,8187,8150,8174,61199
2013/05/08,8188,8302,8186,8269,130480
2013/05/09,8301,8330,8290,8313,83971
2013/05/10,8294,8312,8280,8309,65770
2013/05/13,8311,8314,8229,8260,100298
2013/05/14,8280,8307,8244,8272,98400
2013/05/15,8299,8311,8260,8304,61581
2013/05/16,8325,8440,8320,8423,122633
2013/05/17,8405,8423,8386,8401,60464
2013/05/20,8398,8401,8341,8386,74722
2013/05/21,8380,8441,8357,8390,102289
2013/05/22,8435,8449,8392,8396,82669
2013/05/23,8337,8355,8210,8213,140140
2013/05/24,8238,8248,8146,8220,102660
2013/05/27,8184,8268,8184,8257,86472
2013/05/28,8268,8283,8245,8257,69512
2013/05/29,8257,8345,8246,8315,106194
2013/05/30,8304,8304,8204,8230,121294
2013/05/31,8277,8342,8226,8242,125054
2013/06/03,8100,8205,8092,8191,107007
2013/06/04,8223,8228,8150,8162,92115
2013/06/05,8130,8196,8124,8146,90608
2013/06/06,8098,8129,8061,8102,116805
2013/06/07,8081,8110,8049,8087,99118
2013/06/10,8142,8185,8128,8147,88305
2013/06/11,8135,8157,8107,8126,78773
2013/06/13,8050,8055,7931,7932,127540
2013/06/14,7983,7985,7905,7921,91743
2013/06/17,7923,7982,7920,7972,80161
2013/06/18,7971,8011,7937,7996,108806
2013/06/19,8005,8038,7987,8019,60936
2013/06/20,7795,7819,7739,7750,107714
2013/06/21,7600,7680,7589,7658,124153
2013/06/24,7628,7663,7602,7629,91483
2013/06/25,7613,7683,7580,7604,158891
2013/06/26,7650,7689,7609,7638,121002
2013/06/27,7735,7746,7700,7715,92515
2013/06/28,7755,7860,7729,7828,121780
2013/07/01,7818,7916,7811,7903,101184
2013/07/02,7905,7920,7880,7906,69586
2013/07/03,7884,7894,7806,7811,99164
2013/07/04,7839,7864,7802,7842,90570
2013/07/05,7885,7979,7871,7964,109225
2013/07/08,7955,7964,7820,7830,117123
2013/07/09,7830,7931,7823,7922,116183
2013/07/10,7938,8017,7921,7959,133445
2013/07/11,8107,8166,8061,8164,117871
2013/07/12,8164,8188,8138,8183,63644
2013/07/15,8141,8238,8135,8216,110657
2013/07/16,8230,8233,8193,8230,77162
2013/07/17,8209,8257,8202,8242,49919
2013/07/18,8158,8169,8088,8100,99742
2013/07/19,8059,8073,7953,7957,130696
2013/07/22,7974,8053,7970,8019,85680
2013/07/23,8068,8156,8060,8134,115683
2013/07/24,8142,8148,8100,8124,77552
2013/07/25,8100,8158,8056,8108,101640
2013/07/26,8109,8183,8088,8099,107217
2013/07/29,8082,8108,8017,8033,99697
2013/07/30,8060,8145,8057,8128,97473
2013/07/31,8120,8133,8046,8049,89142
2013/08/01,8049,8080,8000,8044,96228
2013/08/02,8098,8146,8048,8061,115177
2013/08/05,8072,8108,8022,8099,88505
2013/08/06,8059,8075,7972,7991,106562
2013/08/07,7912,7939,7845,7847,98256
2013/08/08,7875,7893,7844,7845,77382
2013/08/09,7848,7882,7802,7824,118651
2013/08/12,7848,7882,7820,7858,75573
2013/08/13,7894,7959,7887,7951,88013
2013/08/14,7959,7960,7888,7927,86574
2013/08/15,7843,7878,7805,7859,90020
2013/08/16,7809,7944,7800,7914,135604
2013/08/19,7878,7903,7855,7886,76711
2013/08/20,7850,7920,7800,7806,122385
2013/08/21,7806,7806,7806,7806,0
2013/08/22,7653,7731,7637,7703,77655
2013/08/23,7760,7816,7753,7784,87872
2013/08/26,7818,7844,7787,7823,77414
2013/08/27,7802,7818,7747,7756,84175
2013/08/28,7699,7781,7678,7777,108500
2013/08/29,7798,7900,7788,7894,106632
2013/08/30,7898,7983,7880,7972,101116
2013/09/02,7964,8025,7956,8018,87835
2013/09/03,8038,8079,8025,8052,83489
2013/09/04,8028,8074,8005,8071,88373
2013/09/05,8091,8141,8071,8129,98558
2013/09/06,8129,8153,8120,8140,61960
2013/09/09,8150,8184,8095,8159,100993
2013/09/10,8189,8220,8136,8170,101742
2013/09/11,8199,8200,8131,8187,110597
2013/09/12,8187,8217,8164,8193,90528
2013/09/13,8198,8215,8146,8147,71727
2013/09/16,8214,8259,8197,8247,81309
2013/09/17,8217,8242,8209,8240,61438
2013/09/18,8255,8268,8223,8238,44188
2013/09/23,8185,8269,8180,8257,72601
2013/09/24,8251,8273,8221,8267,72399
2013/09/25,8250,8258,8222,8233,69047
2013/09/26,8220,8241,8156,8181,89062
2013/09/27,8190,8207,8176,8182,53228
2013/09/30,8114,8156,8083,8121,96072
2013/10/01,8153,8175,8138,8149,72550
2013/10/02,8185,8192,8157,8159,66374
2013/10/03,8172,8385,8171,8377,121376
2013/10/04,8357,8393,8345,8366,76363
2013/10/07,8367,8370,8296,8325,68526
2013/10/08,8302,8383,8291,8373,86038
2013/10/09,8324,8377,8319,8338,72882
2013/10/11,8439,8450,8355,8361,95865
2013/10/14,8345,8348,8273,8294,94880
2013/10/15,8359,8385,8338,8355,86777
2013/10/16,8372,8377,8340,8345,36523
2013/10/17,8380,8422,8356,8364,76826
2013/10/18,8382,8429,8373,8417,71072
2013/10/21,8441,8445,8393,8400,59834
2013/10/22,8377,8423,8352,8416,75663
2013/10/23,8436,8440,8340,8359,95797
2013/10/24,8348,8400,8326,8393,78189
2013/10/25,8353,8366,8291,8320,98615
2013/10/28,8320,8410,8320,8389,73935
2013/10/29,8362,8435,8359,8408,98283
2013/10/30,8424,8460,8405,8440,75193
2013/10/31,8422,8465,8408,8429,77387
2013/11/01,8457,8476,8372,8391,101517
2013/11/04,8360,8369,8313,8338,81711
2013/11/05,8326,8353,8255,8267,99344
2013/11/06,8281,8288,8231,8269,86347
2013/11/07,8266,8279,8224,8258,74161
2013/11/08,8230,8269,8211,8224,77595
2013/11/11,8230,8236,8179,8195,74493
2013/11/12,8225,8247,8172,8215,83476
2013/11/13,8186,8193,8101,8107,90870
2013/11/14,8143,8157,8085,8124,85513
2013/11/15,8177,8214,8148,8161,93361
2013/11/18,8194,8223,8178,8189,76515
2013/11/19,8224,8256,8208,8246,81106
2013/11/20,8230,8258,8216,8219,36809
2013/11/21,8166,8170,8062,8078,96488
2013/11/22,8078,8110,8076,8087,55847
2013/11/25,8145,8218,8142,8192,77378
2013/11/26,8166,8277,8154,8245,100277
2013/11/27,8236,8300,8232,8297,73671
2013/11/28,8350,8392,8338,8377,73050
2013/11/29,8375,8428,8372,8425,65787
2013/12/02,8431,8447,8391,8411,73323
2013/12/03,8392,8424,8378,8408,65908
2013/12/04,8375,8449,8372,8434,93441
2013/12/05,8423,8443,8352,8378,100533
2013/12/06,8377,8409,8354,8384,77433
2013/12/09,8455,8495,8445,8456,76944
2013/12/10,8431,8458,8427,8454,55279
2013/12/11,8458,8510,8422,8432,110731
2013/12/12,8390,8406,8358,8392,85000
2013/12/13,8359,8404,8352,8396,78852
2013/12/16,8375,8385,8325,8334,95020
2013/12/17,8383,8385,8358,8361,57370
2013/12/18,8380,8380,8338,8338,31195
2013/12/19,8392,8431,8371,8392,83798
2013/12/20,8391,8428,8382,8414,63180
2013/12/23,8449,8495,8445,8475,53452
2013/12/24,8480,8487,8462,8481,34318
2013/12/25,8500,8504,8488,8500,28150
2013/12/26,8510,8514,8483,8501,30200
2013/12/27,8496,8550,8490,8543,56418
2013/12/30,8549,8637,8546,8624,70122
2013/12/31,8650,8664,8622,8633,51329
2014/01/02,8644,8649,8585,8616,70152
2014/01/03,8595,8597,8530,8542,82686
2014/01/06,8539,8561,8503,8526,81494
2014/01/07,8528,8575,8525,8550,76176
2014/01/08,8556,8599,8550,8584,69802
2014/01/09,8565,8573,8514,8528,99558
2014/01/10,8523,8548,8516,8541,63745
2014/01/13,8598,8629,8566,8571,95870
2014/01/14,8530,8559,8514,8547,73027
2014/01/15,8570,8613,8563,8610,52535
2014/01/16,8650,8662,8610,8618,65354
2014/01/17,8610,8625,8577,8604,76169
2014/01/20,8585,8634,8571,8623,69809
2014/01/21,8642,8647,8611,8621,65389
2014/01/22,8595,8636,8585,8634,61473
2014/01/23,8646,8650,8587,8597,77610
2014/01/24,8570,8629,8551,8617,76250
2014/01/27,8510,8547,8445,8449,124091
2014/02/05,8302,8328,8196,8242,123024
2014/02/06,8278,8292,8247,8276,81137
2014/02/07,8327,8373,8315,8339,84636
2014/02/10,8375,8403,8353,8354,75690
2014/02/11,8354,8415,8346,8413,69071
2014/02/12,8447,8496,8437,8483,84727
2014/02/13,8495,8495,8443,8445,60328
2014/02/14,8496,8568,8488,8506,108056
2014/02/17,8547,8557,8514,8526,68133
2014/02/18,8530,8564,8506,8562,74608
2014/02/19,8535,8569,8535,8557,33192
2014/02/20,8530,8548,8483,8485,104153
2014/02/21,8555,8598,8555,8588,70932
2014/02/24,8591,8605,8534,8549,73629
2014/02/25,8603,8608,8565,8573,59959
2014/02/26,8565,8627,8553,8607,78863
2014/02/27,8609,8631,8602,8625,62426
2014/03/03,8559,8580,8510,8566,102233
2014/03/04,8560,8582,8539,8552,68908
2014/03/05,8640,8647,8610,8619,59854
2014/03/06,8623,8709,8619,8694,87968
2014/03/07,8730,8772,8676,8704,104339
2014/03/10,8673,8694,8654,8676,69919
2014/03/11,8690,8723,8678,8713,67391
2014/03/12,8666,8673,8645,8659,73277
2014/03/13,8702,8756,8694,8742,84582
2014/03/14,8673,8701,8671,8692,58515
2014/03/17,8703,8715,8655,8699,77365
2014/03/18,8745,8751,8712,8728,65644
2014/03/19,8734,8742,8684,8696,47587
2014/03/20,8638,8639,8561,8568,95027
2014/03/21,8586,8598,8558,8573,66251
2014/03/24,8550,8605,8523,8601,99699
2014/03/25,8589,8660,8576,8658,91751
2014/03/26,8708,8722,8682,8712,77869
2014/03/27,8705,8756,8695,8754,86325
2014/03/28,8754,8776,8729,8736,78831
2014/03/31,8779,8794,8734,8790,76765
2014/04/01,8780,8833,8773,8828,77021
2014/04/02,8850,8888,8841,8855,73667
2014/04/03,8858,8878,8845,8867,58189
2014/04/07,8811,8861,8803,8858,63927
2014/04/08,8853,8887,8837,8877,79196
2014/04/09,8886,8903,8878,8896,52603
2014/04/10,8929,8939,8866,8907,86825
2014/04/11,8850,8891,8840,8869,95782
2014/04/14,8870,8885,8853,8856,65746
2014/04/15,8861,8902,8859,8896,72126
2014/04/16,8910,8956,8887,8955,49182
2014/04/17,8884,8910,8872,8895,77255
2014/04/18,8961,8972,8916,8917,63285
2014/04/21,8917,8926,8903,8922,36842
2014/04/22,8925,8962,8917,8950,60169
2014/04/23,8970,8980,8910,8922,80288
2014/04/24,8928,8942,8915,8935,54152
2014/04/25,8925,8928,8743,8750,174633
2014/04/28,8698,8835,8690,8818,129874
2014/04/29,8828,8855,8809,8838,91179
2014/04/30,8850,8857,8750,8755,122688
2014/05/02,8768,8843,8761,8840,90635
2014/05/05,8864,8888,8802,8828,94208
2014/05/06,8849,8889,8813,8881,97864
2014/05/07,8845,8861,8809,8839,104464
2014/05/08,8860,8887,8836,8880,88751
2014/05/09,8888,8889,8833,8842,77008
2014/05/12,8842,8850,8790,8821,88270
2014/05/13,8855,8875,8821,8829,83445
2014/05/14,8855,8885,8830,8883,85759
2014/05/15,8868,8887,8857,8877,59657
2014/05/16,8842,8883,8816,8876,88877
2014/05/19,8876,8901,8869,8887,70962
2014/05/20,8902,8926,8890,8896,74046
2014/05/21,8892,8909,8850,8860,54036
2014/05/22,8873,8960,8866,8957,100620
2014/05/23,8971,9014,8966,9011,75182
2014/05/26,9020,9049,9009,9040,51900
2014/05/27,9047,9058,9025,9056,52031
2014/05/28,9062,9144,9055,9135,94218
2014/05/29,9132,9149,9111,9114,69424
2014/05/30,9121,9130,9086,9089,76393
2014/06/03,9112,9133,9061,9106,83254
2014/06/04,9118,9124,9097,9102,53898
2014/06/05,9117,9118,9074,9116,67500
2014/06/06,9138,9158,9120,9125,59766
2014/06/09,9140,9155,9129,9144,45298
2014/06/10,9159,9202,9155,9185,72200
2014/06/11,9194,9212,9183,9210,43499
2014/06/12,9195,9215,9181,9202,46433
2014/06/13,9170,9199,9156,9195,69155
2014/06/16,9180,9214,9175,9200,54947
2014/06/17,9207,9248,9203,9242,66123
2014/06/18,9241,9307,9208,9302,64896
2014/06/19,9187,9237,9181,9226,74612
2014/06/20,9227,9230,9178,9179,74727
2014/06/23,9179,9206,9151,9167,82798
2014/06/24,9174,9198,9165,9173,65966
2014/06/25,9146,9170,9137,9156,63400
2014/06/26,9181,9237,9176,9230,75765
2014/06/27,9231,9244,9205,9206,58349
2014/06/30,9220,9307,9218,9290,77543
2014/07/01,9299,9401,9289,9380,101041
2014/07/02,9404,9488,9310,9400,178185
2014/07/03,9396,9463,9367,9455,111701
2014/07/04,9488,9494,9411,9453,105559
2014/07/07,9452,9453,9398,9451,86345
2014/07/08,9452,9492,9440,9477,82334
2014/07/09,9450,9477,9436,9463,77026
2014/07/10,9466,9556,9462,9553,100623
2014/07/11,9540,9566,9450,9486,157882
2014/07/14,9479,9529,9478,9523,85979
2014/07/15,9575,9581,9534,9560,92920
2014/07/16,9547,9564,9475,9483,67424
2014/07/17,9392,9402,9326,9357,123718
2014/07/18,9285,9372,9281,9339,107971
2014/07/21,9380,9406,9356,9365,78887
2014/07/22,9384,9434,9352,9431,100000
2014/07/23,9431,9431,9431,9431,0
2014/07/24,9456,9470,9432,9468,86204
2014/07/25,9460,9465,9357,9390,118354
2014/07/28,9370,9422,9342,9386,113816
2014/07/29,9425,9446,9343,9360,128049
2014/07/30,9367,9429,9366,9414,99330
2014/07/31,9433,9438,9265,9290,134333
2014/08/01,9236,9264,9209,9251,104509
2014/08/04,9260,9297,9233,9285,81817
2014/08/05,9249,9256,9083,9097,149588
2014/08/06,9079,9129,9059,9097,121642
2014/08/07,9111,9134,9065,9093,84268
2014/08/08,9052,9093,8991,9090,123219
2014/08/11,9132,9162,9110,9139,80134
2014/08/12,9152,9158,9103,9122,87612
2014/08/13,9132,9204,9120,9199,94649
2014/08/14,9228,9253,9203,9219,85033
2014/08/15,9210,9218,9154,9202,90406
2014/08/18,9212,9223,9126,9140,111283
2014/08/19,9161,9249,9161,9237,91282
2014/08/20,9253,9285,9244,9275,61787
2014/08/21,9260,9266,9200,9230,103529
2014/08/22,9249,9388,9247,9378,116443
2014/08/25,9386,9399,9365,9391,61977
2014/08/26,9386,9408,9375,9390,57561
2014/08/27,9421,9498,9420,9477,96315
2014/08/28,9492,9500,9469,9478,60649
2014/08/29,9456,9485,9432,9471,77443
2014/09/01,9473,9550,9470,9528,68798
2014/09/02,9512,9514,9388,9409,125697
2014/09/03,9415,9482,9399,9449,101507
2014/09/04,9447,9448,9380,9424,96821
2014/09/05,9444,9463,9370,9406,104786
2014/09/09,9426,9530,9425,9429,78139
2014/09/10,9380,9402,9310,9347,106510
2014/09/11,9376,9385,9300,9301,75048
2014/09/12,9325,9328,9229,9246,121575
2014/09/15,9206,9244,9172,9219,119266
2014/09/16,9219,9233,9141,9153,98071
2014/09/17,9195,9248,9148,9172,72499
2014/09/18,9234,9265,9213,9241,90173
2014/09/19,9281,9304,9240,9263,101134
2014/09/22,9202,9205,9100,9128,120832
2014/09/23,9106,9152,9102,9114,87165
2014/09/24,9095,9142,9081,9126,87035
2014/09/25,9158,9168,8995,9026,138558
2014/09/26,8958,9022,8937,8982,115750
2014/09/29,8991,9008,8943,8981,101474
2014/09/30,8961,9021,8871,8991,150107
2014/10/01,8943,9015,8911,8980,114235
2014/10/02,8920,9020,8905,8992,126762
2014/10/03,9004,9107,8994,9098,124812
2014/10/06,9098,9110,9056,9085,95157
2014/10/07,9034,9048,8976,9018,127569
2014/10/08,8986,9029,8928,8932,103779
2014/10/09,8997,9039,8948,8980,139674
2014/10/13,8798,8818,8712,8712,157956
2014/10/14,8730,8759,8702,8743,104866
2014/10/15,8743,8763,8641,8646,82391
2014/10/16,8583,8683,8506,8628,177584
2014/10/17,8658,8673,8497,8499,174947
2014/10/20,8599,8681,8588,8660,121860
2014/10/21,8655,8663,8616,8639,90638
2014/10/22,8748,8764,8714,8744,96753
2014/10/23,8732,8740,8702,8722,79233
2014/10/24,8742,8746,8609,8641,133051
2014/10/27,8675,8686,8592,8643,108102
2014/10/28,8666,8805,8663,8792,127091
2014/10/29,8833,8905,8818,8879,106490
2014/10/30,8878,8889,8838,8879,95556
2014/10/31,8887,8978,8867,8975,137623
2014/11/03,8978,9027,8942,8981,117415
2014/11/04,8984,9055,8968,8991,140218
2014/11/05,9030,9039,8960,8985,111110
2014/11/06,8976,9005,8890,8903,129127
2014/11/07,8924,8943,8862,8937,117608
2014/11/10,8965,9092,8952,9073,120952
2014/11/11,9088,9105,9048,9061,91460
2014/11/12,9028,9034,8901,8905,141490
2014/11/13,8920,8978,8903,8960,112842
2014/11/14,8980,8996,8933,8962,109824
2014/11/17,8959,9043,8872,8899,156670
2014/11/18,8951,8958,8839,8873,124772
2014/11/19,8905,8985,8877,8953,73761
2014/11/20,9031,9104,9012,9091,113333
2014/11/21,9119,9125,9081,9103,83395
2014/11/24,9135,9170,9109,9130,77972
2014/11/25,9116,9150,9069,9108,101177
2014/11/26,9126,9143,9102,9120,73155
2014/11/27,9136,9235,9136,9175,109702
2014/11/28,9202,9208,9174,9179,57835
2014/12/01,9036,9182,8991,9119,158276
2014/12/02,9092,9098,9001,9030,145718
2014/12/03,9051,9215,9035,9209,149036
2014/12/04,9213,9266,9201,9220,97499
2014/12/05,9203,9231,9182,9214,87093
2014/12/08,9264,9265,9168,9186,105218
2014/12/09,9142,9174,9121,9131,92634
2014/12/10,9092,9136,9003,9046,165103
2014/12/11,8976,9048,8958,9009,116039
2014/12/12,9023,9069,9003,9005,98839
2014/12/15,8958,9038,8925,9033,125072
2014/12/16,8971,9041,8963,8979,122633
2014/12/17,8970,8985,8834,8844,81915
2014/12/18,8902,8927,8857,8858,101962
2014/12/19,8962,9040,8958,9017,148633
2014/12/22,9031,9100,9023,9094,102111
2014/12/23,9134,9140,9097,9114,69691
2014/12/24,9120,9183,9103,9176,93125
2014/12/25,9171,9195,9162,9181,44950
2014/12/26,9178,9230,9173,9227,73031
2014/12/29,9245,9336,9241,9309,98576
2014/12/30,9320,9343,9268,9286,92786
2014/12/31,9286,9303,9252,9281,75117
2015/01/05,9238,9276,9155,9250,120487
2015/01/06,9144,9153,9017,9058,148125
2015/01/07,9042,9092,9033,9044,93314
2015/01/08,9116,9259,9115,9256,131883
2015/01/09,9328,9335,9217,9230,117874
2015/01/12,9190,9238,9157,9185,97827
2015/01/13,9194,9275,9159,9250,127705
2015/01/14,9235,9247,9151,9170,122662
2015/01/15,9187,9230,9130,9194,116348
2015/01/16,9175,9229,9082,9115,160290
2015/01/19,9211,9260,9142,9181,134142
2015/01/20,9220,9269,9183,9267,121592
2015/01/21,9282,9316,9274,9308,64253
2015/01/22,9360,9404,9342,9388,108180
2015/01/23,9455,9488,9443,9461,92808
2015/01/26,9448,9478,9433,9465,68310
2015/01/27,9522,9539,9480,9523,90397
2015/01/28,9478,9534,9474,9527,75013
2015/01/29,9497,9502,9426,9428,116368
2015/01/30,9460,9472,9385,9398,97244
2015/02/02,9389,9433,9370,9420,85483
2015/02/03,9434,9485,9407,9464,95115
2015/02/04,9526,9556,9512,9522,86781
2015/02/05,9521,9521,9470,9513,79030
2015/02/06,9536,9543,9459,9470,96048
2015/02/09,9439,9466,9416,9451,78599
2015/02/10,9468,9473,9419,9432,86724
2015/02/11,9462,9509,9457,9476,88756
2015/02/12,9499,9500,9461,9482,80128
2015/02/13,9510,9548,9505,9514,85659
2015/02/24,9603,9650,9602,9648,53743
2015/02/25,9694,9696,9660,9683,66977
2015/02/26,9691,9692,9633,9648,72451
2015/03/02,9658,9683,9615,9631,77036
2015/03/03,9645,9658,9580,9614,88385
2015/03/04,9580,9638,9571,9620,73997
2015/03/05,9622,9632,9551,9586,94585
2015/03/06,9591,9644,9566,9637,87662
2015/03/09,9580,9595,9547,9574,89409
2015/03/10,9574,9585,9514,9529,103983
2015/03/11,9466,9544,9450,9519,103946
2015/03/12,9529,9609,9508,9607,101568
2015/03/13,9616,9634,9584,9598,82971
2015/03/16,9585,9594,9535,9543,100282
2015/03/17,9580,9644,9547,9556,123433
2015/03/18,9558,9649,9558,9633,67737
2015/03/19,9734,9769,9708,9765,100024
2015/03/20,9742,9770,9733,9757,66890
2015/03/23,9761,9769,9726,9749,75804
2015/03/24,9728,9755,9696,9720,89879
2015/03/25,9721,9731,9673,9688,95109
2015/03/26,9580,9635,9567,9611,110206
2015/03/27,9609,9628,9525,9542,126327
2015/03/30,9511,9562,9511,9553,83437
2015/03/31,9600,9610,9545,9582,98624
2015/04/01,9540,9552,9487,9508,111444
2015/04/02,9538,9630,9535,9614,114119
2015/04/07,9653,9660,9612,9629,72558
2015/04/08,9633,9635,9558,9570,93175
2015/04/09,9579,9676,9564,9570,149624
2015/04/10,9628,9665,9592,9632,120457
2015/04/13,9673,9683,9633,9657,93462
2015/04/14,9641,9672,9626,9644,84520
2015/04/15,9626,9654,9507,9519,83539
2015/04/16,9561,9649,9548,9644,125788
2015/04/17,9619,9629,9569,9582,105924
2015/04/20,9530,9583,9506,9563,124844
2015/04/21,9585,9613,9535,9555,109112
2015/04/22,9561,9636,9561,9614,140112
2015/04/23,9656,9854,9652,9838,186347
2015/04/24,9880,10000,9860,9920,206172
2015/04/27,9958,10031,9945,10018,147811
2015/04/28,10022,10033,9963,9990,105272
2015/04/29,9978,10022,9882,9907,173931
2015/04/30,9902,9930,9858,9877,130960
2015/05/04,9897,9911,9824,9885,112699
2015/05/05,9866,9878,9814,9848,102568
2015/05/06,9802,9865,9763,9846,117999
2015/05/07,9786,9808,9745,9752,130534
2015/05/08,9769,9783,9713,9718,92550
2015/05/11,9800,9814,9657,9722,155184
2015/05/12,9707,9748,9673,9706,115207
2015/05/13,9712,9776,9697,9739,114681
2015/05/14,9737,9741,9599,9605,138661
2015/05/15,9635,9642,9541,9576,129471
2015/05/18,9612,9614,9552,9598,102650
2015/05/19,9616,9723,9602,9703,131463
2015/05/20,9704,9725,9657,9668,73133
2015/05/21,9645,9648,9512,9541,128659
2015/05/22,9562,9649,9546,9627,110540
2015/05/25,9603,9640,9550,9631,94010
2015/05/26,9613,9725,9606,9659,113898
2015/05/27,9607,9698,9601,9662,109490
2015/05/28,9711,9750,9683,9729,113114
2015/05/29,9741,9765,9688,9703,105530
2015/06/01,9668,9713,9601,9630,117845
2015/06/02,9586,9639,9565,9606,103681
2015/06/03,9640,9648,9535,9548,124180
2015/06/04,9531,9553,9301,9312,202135
2015/06/05,9324,9347,9269,9309,125037
2015/06/08,9312,9404,9235,9348,134575
2015/06/09,9303,9346,9201,9235,142752
2015/06/10,9256,9328,9252,9284,122486
2015/06/11,9328,9333,9224,9285,119493
2015/06/12,9272,9314,9230,9268,106398
2015/06/15,9272,9318,9220,9245,119565
2015/06/16,9244,9258,9164,9214,119914
2015/06/17,9215,9237,9177,9182,61706
2015/06/18,9044,9078,9011,9048,101634
2015/06/22,9108,9203,9105,9178,103562
2015/06/23,9221,9268,9208,9230,106239
2015/06/24,9215,9248,9193,9246,80540
2015/06/25,9268,9370,9263,9342,134204
2015/06/26,9348,9348,9300,9322,72218
2015/06/29,9195,9222,9109,9139,128844
2015/06/30,9146,9217,9124,9211,103641
2015/07/01,9185,9319,9184,9292,124416
2015/07/02,9300,9325,9260,9277,91473
2015/07/03,9258,9305,9171,9301,133033
2015/07/06,9235,9297,9182,9203,124973
2015/07/07,9260,9303,9210,9242,131787
2015/07/08,9205,9210,8912,8945,208496
2015/07/09,8801,8939,8724,8875,193187
2015/07/13,8935,9005,8902,8993,156806
2015/07/14,9040,9084,8982,8983,136144
2015/07/15,9040,9078,8989,9030,88463
2015/07/16,8935,8983,8900,8916,132945
2015/07/17,8906,8935,8871,8913,112382
2015/07/20,8970,9027,8804,8851,154969
2015/07/21,8887,8940,8815,8937,130287
2015/07/22,8882,8883,8795,8811,141837
2015/07/23,8778,8822,8670,8753,172952
2015/07/24,8720,8740,8653,8686,119108
2015/07/27,8637,8670,8493,8525,166804
2015/07/28,8500,8591,8480,8539,144721
2015/07/29,8533,8548,8440,8485,163354
2015/07/30,8520,8632,8509,8607,145799
2015/07/31,8593,8606,8508,8575,134719
2015/08/03,8546,8548,8400,8454,136785
2015/08/04,8487,8552,8416,8464,167590
2015/08/05,8504,8547,8448,8521,145106
2015/08/06,8541,8579,8366,8390,179725
2015/08/07,8360,8423,8312,8389,148962
2015/08/10,8405,8461,8345,8442,143249
2015/08/11,8505,8556,8358,8362,185332
2015/08/12,8365,8390,8243,8301,184836
2015/08/13,8348,8363,8275,8305,151639
2015/08/14,8262,8334,8262,8326,112509
2015/08/17,8321,8330,8223,8239,125957
2015/08/18,8241,8276,8161,8172,130582
2015/08/19,8178,8179,7993,8002,101864
2015/08/20,7949,8040,7898,7973,187942
2015/08/21,7858,7887,7740,7744,174438
2015/08/24,7609,7676,7010,7345,364785
2015/08/25,7400,7606,7318,7572,233175
2015/08/26,7525,7678,7432,7607,238178
2015/08/27,7656,7729,7631,7679,169791
2015/08/28,7812,7902,7791,7871,167248
2015/08/31,7831,8034,7802,7973,144165
2015/09/01,7901,7964,7802,7829,174196
2015/09/02,7768,7997,7761,7938,197665
2015/09/03,7961,8003,7874,7975,151197
2015/09/04,7931,8039,7872,7894,176043
2015/09/07,7850,8008,7843,7930,169579
2015/09/08,7930,7979,7880,7972,137093
2015/09/09,8114,8340,8104,8334,194442
2015/09/10,8226,8292,8192,8265,146244
2015/09/11,8221,8295,8202,8266,120481
2015/09/14,8319,8340,8210,8275,149956
2015/09/15,8300,8333,8230,8237,137170
2015/09/16,8310,8358,8270,8318,80906
2015/09/17,8368,8478,8364,8441,141074
2015/09/18,8418,8459,8383,8438,122478
2015/09/21,8328,8335,8233,8270,126365
2015/09/22,8295,8340,8276,8331,99115
2015/09/23,8234,8250,8135,8142,138538
2015/09/24,8188,8219,8047,8090,163890
2015/09/25,8142,8152,8033,8119,161413
2015/09/30,8015,8178,7983,8135,165188
2015/10/01,8174,8330,8116,8307,178858
2015/10/02,8283,8319,8254,8278,104901
2015/10/05,8358,8377,8275,8331,131099
2015/10/06,8431,8478,8365,8369,147140
2015/10/07,8377,8497,8357,8491,140147
2015/10/08,8534,8544,8422,8443,142571
2015/10/12,8494,8580,8464,8552,125543
2015/10/13,8554,8575,8511,8557,99975
2015/10/14,8521,8554,8492,8520,108262
2015/10/15,8565,8668,8565,8609,138824
2015/10/16,8588,8627,8571,8607,98558
2015/10/19,8627,8670,8588,8623,117062
2015/10/20,8644,8663,8629,8659,83770
2015/10/21,8690,8704,8593,8617,71803
2015/10/22,8588,8633,8566,8595,97736
2015/10/23,8742,8752,8669,8694,108905
2015/10/26,8730,8765,8716,8733,79592
2015/10/27,8722,8728,8655,8694,99136
2015/10/28,8685,8710,8613,8638,115433
2015/10/29,8681,8685,8545,8547,142670
2015/10/30,8560,8600,8484,8570,155466
2015/11/02,8535,8598,8502,8587,114793
2015/11/03,8665,8740,8645,8719,123033
2015/11/04,8765,8900,8751,8882,160402
2015/11/05,8879,8899,8832,8872,96100
2015/11/06,8850,8858,8650,8689,185282
2015/11/09,8677,8748,8597,8628,165493
2015/11/10,8581,8592,8512,8533,131070
2015/11/11,8507,8549,8372,8378,179202
2015/11/12,8404,8461,8354,8459,148495
2015/11/13,8380,8472,8318,8356,178126
2015/11/16,8245,8307,8212,8288,139331
2015/11/17,8370,8490,8369,8437,152201
2015/11/18,8440,8450,8326,8336,81613
2015/11/19,8371,8460,8323,8447,155548
2015/11/20,8430,8475,8396,8443,114281
2015/11/23,8488,8511,8407,8481,124827
2015/11/24,8461,8494,8362,8401,159334
2015/11/25,8412,8418,8320,8384,137748
2015/11/26,8412,8525,8410,8499,134327
2015/11/27,8520,8534,8377,8390,137736
2015/11/30,8311,8345,8202,8297,167237
2015/12/01,8360,8463,8317,8456,158141
2015/12/02,8433,8510,8415,8452,146804
2015/12/03,8388,8490,8363,8470,147876
2015/12/04,8361,8410,8326,8393,142112
2015/12/07,8495,8550,8455,8470,140025
2015/12/08,8438,8451,8318,8331,148126
2015/12/09,8311,8328,8212,8220,155405
2015/12/10,8182,8208,8101,8188,173415
2015/12/11,8200,8220,8068,8070,164753
2015/12/14,7976,8065,7949,8060,144310
2015/12/15,8077,8137,8048,8065,139344
2015/12/16,8180,8209,8112,8198,87705
2015/12/17,8202,8303,8176,8282,144410
2015/12/18,8248,8319,8206,8229,145205
2015/12/21,8173,8283,8133,8280,137963
2015/12/22,8257,8297,8220,8275,126517
2015/12/23,8301,8347,8267,8288,134900
2015/12/24,8346,8388,8293,8317,114489
2015/12/25,8335,8378,8306,8374,69641
2015/12/28,8370,8394,8349,8354,74401
2015/12/29,8321,8347,8263,8288,110566
2015/12/30,8313,8329,8226,8258,115891
2015/12/31,8240,8300,8234,8275,103781
2016/01/04,8262,8294,8036,8073,191331
2016/01/05,8099,8130,8011,8025,164756
2016/01/06,8038,8048,7901,7971,200598
2016/01/07,7956,7971,7731,7805,246399
2016/01/08,7755,7884,7734,7865,182333
2016/01/11,7730,7793,7672,7739,184748
2016/01/12,7800,7808,7680,7707,176648
2016/01/13,7784,7849,7736,7806,188268
2016/01/14,7647,7724,7607,7715,171850
2016/01/15,7801,7809,7636,7668,183418
2016/01/18,7513,7828,7503,7810,241486
2016/01/19,7786,7868,7750,7866,165954
2016/01/20,7797,7804,7673,7705,116624
2016/01/21,7659,7706,7601,7613,202230
2016/01/22,7730,7752,7641,7748,183045
2016/01/25,7768,7881,7766,7835,145944
2016/01/26,7784,7810,7745,7778,145032
2016/01/27,7850,7859,7778,7838,145619
2016/01/28,7800,7903,7793,7858,153244
2016/01/29,7841,8073,7820,8053,236477
2016/02/01,8131,8150,8067,8126,152839
2016/02/02,8079,8149,8061,8104,133729
2016/02/03,8026,8085,7993,8036,158007
2016/02/15,7920,8068,7907,8043,132682
2016/02/16,8080,8232,8077,8206,153558
2016/02/17,8232,8251,8193,8212,73251
2016/02/18,8290,8332,8233,8285,123075
2016/02/19,8278,8318,8253,8307,93479
2016/02/22,8289,8404,8261,8300,140771
2016/02/23,8321,8331,8271,8319,109053
2016/02/24,8300,8382,8216,8247,163799
2016/02/25,8287,8375,8271,8338,146795
2016/02/26,8390,8416,8311,8389,139525
2016/03/01,8372,8484,8360,8448,136259
2016/03/02,8540,8575,8500,8518,130846
2016/03/03,8530,8606,8517,8564,133529
2016/03/04,8570,8618,8548,8601,124749
2016/03/07,8605,8685,8573,8604,128900
2016/03/08,8611,8620,8525,8614,136044
2016/03/09,8613,8632,8555,8618,117377
2016/03/10,8629,8676,8601,8641,120396
2016/03/11,8618,8707,8608,8705,132707
2016/03/14,8727,8778,8725,8741,112139
2016/03/15,8739,8750,8578,8603,167109
2016/03/16,8636,8705,8633,8691,64232
2016/03/17,8754,8819,8681,8698,165522
2016/03/18,8725,8779,8703,8765,124958
2016/03/21,8798,8810,8690,8746,118631
2016/03/22,8775,8776,8660,8750,145545
2016/03/23,8761,8787,8698,8713,137212
2016/03/24,8685,8751,8627,8713,151791
2016/03/25,8727,8759,8671,8700,106496
2016/03/28,8720,8733,8653,8685,108424
2016/03/29,8682,8697,8564,8601,158070
2016/03/30,8645,8747,8626,8740,148145
2016/03/31,8784,8815,8691,8716,166161
2016/04/01,8670,8694,8598,8628,156482
2016/04/06,8591,8599,8453,8458,156407
2016/04/07,8470,8493,8381,8438,152741
2016/04/08,8388,8500,8375,8485,141629
2016/04/11,8456,8530,8415,8515,130911
2016/04/12,8541,8584,8468,8496,148275
2016/04/13,8542,8644,8529,8636,147192
2016/04/14,8705,8724,8645,8660,119974
2016/04/15,8620,8719,8591,8717,136854
2016/04/18,8651,8684,8630,8644,111226
2016/04/19,8700,8748,8598,8636,158491
2016/04/20,8657,8684,8498,8519,105896
2016/04/21,8513,8535,8455,8530,121720
2016/04/22,8513,8560,8461,8500,150062
2016/04/25,8519,8540,8477,8527,98787
2016/04/26,8533,8619,8523,8570,135704
2016/04/27,8560,8590,8506,8560,116757
2016/04/28,8586,8599,8408,8415,190019
2016/04/29,8375,8400,8303,8311,132260
2016/05/03,8319,8330,8220,8261,123157
2016/05/04,8238,8257,8105,8181,176592
2016/05/05,8160,8181,8095,8146,137990
2016/05/06,8118,8140,8061,8105,132563
2016/05/09,8141,8160,8065,8116,122435
2016/05/10,8116,8180,8057,8152,151146
2016/05/11,8177,8192,8081,8124,152178
2016/05/12,8096,8155,8066,8082,138711
2016/05/13,8067,8075,7953,8022,170540
2016/05/16,8021,8085,7988,8063,132897
2016/05/17,8076,8152,8020,8146,164654
2016/05/18,8093,8153,8056,8148,77042
2016/05/19,8118,8130,8006,8033,142629
2016/05/20,8035,8125,8023,8103,161767
2016/05/23,8121,8355,8051,8343,210720
2016/05/24,8329,8345,8276,8284,101231
2016/05/25,8341,8412,8332,8384,130270
2016/05/26,8401,8408,8352,8383,89102
2016/05/27,8416,8468,8390,8462,107120
2016/05/30,8481,8533,8433,8509,118598
2016/05/31,8499,8545,8455,8510,126395
2016/06/01,8490,8590,8486,8564,127418
2016/06/02,8568,8610,8518,8550,131250
2016/06/03,8561,8585,8537,8565,89927
2016/06/06,8575,8655,8507,8573,135249
2016/06/07,8614,8684,8606,8667,127819
2016/06/08,8673,8742,8671,8713,135065
2016/06/13,8635,8636,8502,8525,156484
2016/06/14,8495,8578,8483,8574,113683
2016/06/15,8552,8607,8508,8601,86838
2016/06/16,8410,8410,8247,8281,161494
2016/06/17,8348,8431,8345,8395,135050
2016/06/20,8503,8520,8428,8469,116528
2016/06/21,8459,8525,8435,8510,106832
2016/06/22,8510,8530,8460,8510,113230
2016/06/23,8515,8526,8467,8510,80671
2016/06/24,8500,8553,8140,8238,350484
2016/06/27,8250,8339,8239,8326,123131
2016/06/28,8274,8387,8260,8376,128666
2016/06/29,8392,8493,8391,8436,136847
2016/06/30,8492,8542,8440,8519,149910
2016/07/01,8568,8638,8551,8623,125937
2016/07/04,8636,8679,8598,8632,117023
2016/07/05,8600,8635,8567,8610,99016
2016/07/06,8552,8559,8443,8469,166638
2016/07/07,8508,8571,8505,8561,99013
2016/07/11,8683,8748,8677,8734,120241
2016/07/12,8751,8795,8736,8776,108508
2016/07/13,8825,8837,8726,8793,149460
2016/07/14,8800,8841,8769,8813,115361
2016/07/15,8846,8925,8823,8912,135980
2016/07/18,8918,9001,8912,8999,121872
2016/07/19,9020,9035,8962,9032,135725
2016/07/20,9010,9042,8972,9003,94642
2016/07/21,8922,9009,8916,8984,120520
2016/07/22,8965,8984,8925,8927,108745
2016/07/25,8967,9027,8803,8891,175723
2016/07/26,8871,8970,8862,8965,121917
2016/07/27,9016,9049,8952,8979,150067
2016/07/28,8982,9027,8926,8979,124950
2016/07/29,9003,9014,8889,8894,153817
2016/08/01,8940,9043,8936,9040,121841
2016/08/02,9014,9035,8993,9012,84612
2016/08/03,8914,8972,8861,8935,141402
2016/08/04,8990,8992,8891,8970,125262
2016/08/05,8996,9074,8973,9062,127647
2016/08/08,9133,9148,9063,9116,111631
2016/08/09,9122,9145,9096,9117,94114
2016/08/10,9136,9167,9090,9149,123597
2016/08/11,9125,9159,8998,9087,165714
2016/08/12,9129,9149,9102,9130,109885
2016/08/15,9147,9161,9087,9124,130933
2016/08/16,9155,9156,9052,9085,162847
2016/08/17,9073,9123,9067,9121,68207
2016/08/18,9010,9059,8980,9041,102776
2016/08/19,9050,9109,8942,8948,180514
2016/08/22,8941,8949,8853,8895,140625
2016/08/23,8921,8988,8912,8983,110642
2016/08/24,9002,9023,8948,8954,100206
2016/08/25,8942,9073,8939,9070,131838
2016/08/26,9055,9090,9036,9080,86770
2016/08/29,9045,9075,8948,9042,148143
2016/08/30,9075,9085,9021,9035,106337
2016/08/31,9018,9060,8959,8976,144241
2016/09/01,8971,8980,8883,8942,151424
2016/09/02,8948,8973,8904,8932,110392
2016/09/05,9000,9067,8997,9063,105105
2016/09/06,9073,9160,9062,9151,103692
2016/09/07,9156,9262,9150,9253,121479
2016/09/08,9251,9253,9215,9239,74430
2016/09/09,9182,9184,9113,9126,128752
2016/09/12,8990,8994,8898,8900,137444
2016/09/13,8974,8979,8816,8905,173830
2016/09/14,8866,8942,8854,8875,129885
2016/09/19,8949,9158,8947,9149,162262
2016/09/20,9142,9164,9113,9142,107397
2016/09/21,9129,9224,9115,9221,76502
2016/09/22,9221,9262,9154,9187,123322
2016/09/23,9234,9248,9189,9236,95279
2016/09/26,9222,9226,9148,9152,95532
2016/09/29,9226,9297,9206,9251,134752
2016/09/30,9183,9206,9127,9130,131337
2016/10/03,9205,9230,9161,9193,100555
2016/10/04,9202,9259,9187,9251,95262
2016/10/05,9210,9266,9201,9238,81576
2016/10/06,9281,9283,9207,9257,100967
2016/10/07,9250,9269,9236,9251,66389
2016/10/11,9300,9343,9143,9189,178389
2016/10/12,9180,9274,9164,9259,113440
2016/10/13,9268,9282,9179,9201,138511
2016/10/14,9207,9224,9147,9167,130516
2016/10/17,9178,9193,9060,9167,202913
2016/10/18,9183,9218,9154,9210,133283
2016/10/19,9223,9300,9219,9280,87933
2016/10/20,9269,9295,9235,9277,101510
2016/10/21,9259,9322,9241,9264,118712
2016/10/24,9294,9325,9269,9309,97060
2016/10/25,9328,9394,9308,9375,112280
2016/10/26,9340,9363,9323,9334,89110
2016/10/27,9324,9348,9260,9288,127682
2016/10/28,9286,9313,9261,9279,95640
2016/10/31,9263,9300,9174,9284,146504
2016/11/01,9259,9292,9226,9278,101255
2016/11/02,9199,9225,9144,9158,150857
2016/11/03,9131,9160,9078,9088,134541
2016/11/04,9058,9094,9047,9063,97483
2016/11/07,9131,9200,9115,9196,105071
2016/11/08,9216,9230,9162,9223,115585
2016/11/09,9223,9307,8891,8926,385514
2016/11/10,9140,9192,9134,9176,134067
2016/11/11,9048,9057,8949,8967,179369
2016/11/14,8957,8988,8877,8945,184246
2016/11/15,8900,8975,8896,8938,142410
2016/11/16,8990,9034,8979,8983,83943
2016/11/17,8942,8965,8906,8960,126400
2016/11/18,8979,9006,8926,8987,131675
2016/11/21,8980,9026,8971,9017,85149
2016/11/22,9050,9164,9041,9139,132590
2016/11/23,9150,9192,9142,9177,97048
2016/11/24,9156,9165,9117,9142,100734
2016/11/25,9142,9192,9133,9161,98602
2016/11/28,9157,9248,9150,9223,116679
2016/11/29,9222,9238,9196,9202,102746
2016/11/30,9211,9245,9177,9227,121118
2016/12/01,9229,9279,9218,9260,107733
2016/12/02,9199,9200,9148,9163,118876
2016/12/05,9159,9183,9117,9157,107414
2016/12/06,9232,9285,9230,9262,100307
2016/12/07,9300,9305,9248,9262,92062
2016/12/08,9360,9370,9315,9368,107870
2016/12/09,9377,9399,9365,9389,73814
2016/12/12,9420,9440,9350,9356,123782
2016/12/13,9340,9381,9338,9379,69542
2016/12/14,9409,9413,9353,9369,85638
2016/12/20,9261,9269,9225,9260,61153
2016/12/22,9211,9222,9123,9128,116265
2016/12/23,9115,9147,9088,9092,108536
2016/12/26,9107,9131,9089,9124,69849
2016/12/27,9123,9130,9106,9113,47698
2016/12/28,9110,9213,9105,9211,97287
2016/12/29,9188,9211,9168,9181,92408
2016/12/30,9215,9282,9215,9262,116957
2017/01/03,9266,9282,9231,9280,89282
2017/01/04,9281,9295,9261,9271,87462
2017/01/05,9270,9354,9266,9342,119149
2017/01/06,9353,9375,9338,9365,67027
2017/01/09,9379,9409,9325,9342,113565
2017/01/10,9332,9350,9320,9341,76021
2017/01/11,9395,9396,9333,9337,91651
2017/01/12,9353,9433,9350,9411,117651
2017/01/13,9388,9397,9361,9375,88034
2017/01/16,9360,9362,9274,9285,135414
2017/01/17,9282,9344,9280,9340,94530
2017/01/18,9336,9349,9314,9340,55499
2017/01/19,9337,9342,9254,9304,123137
2017/01/20,9283,9322,9278,9311,38885